,1 Caseevery X ppl,1 Deathevery X ppl,1 Testevery X ppl,Active Cases/1M pop,ActiveCases,Continent,Country,CountryCode,Dates,Deaths/1M pop,ID,New Cases/1M pop,New Deaths/1M pop,NewCases,NewConfirmed,NewDeaths,NewRecovered,Population,Premium,"Serious,Critical",Slug,"Tests/
1M pop
",Tests/ 1M pop,Time,TotalCases,TotalConfirmed,TotalDeaths,TotalRecovered,TotalTests,Tot Cases/1M pop,Unnamed: 0
0,510,"12,830",81.0,420,556.0,Asia,Afghanistan,AF,2021-06-05,0.5,7fdf637a-a0d3-4de9-828e-b1a72cb9ed7f,0.0,0.0,0.0,1509.0,1.0,74.0,"39,734,616 ",{},0.0,Afghanistan,"12,300",0.0,03:26:06.997000,607.0,76628.0,19.0,32.0,0.0,16.0,99.0
1,22,"1,173",4.0,112,206.0,Europe,Albania,AL,2021-06-05,8.0,a70d5806-5fa8-4651-a9c6-ffd2a32e5f30,0.0,0.0,0.0,12.0,0.0,32.0,"2,874,887 ",{},7.0,Albania,"255,208",1347.0,03:26:06.997000,446.0,132372.0,23.0,217.0,3877.0,155.0,88.0
2,342,"12,723",193.0,810,1030.0,Africa,Algeria,DZ,2021-06-05,7.0,d030fcd2-92d3-45b1-a1af-ede71b79f1fc,0.0,0.0,0.0,385.0,0.0,250.0,"44,580,305 ",{},60.0,Algeria,"5,179",77.0,03:26:06.997000,1914.0,130361.0,293.0,591.0,3359.0,44.0,89.0
3,6,609,0.0,"1,344",481.0,Europe,Andorra,AD,2021-06-05,375.0,b2bfa956-394f-4742-b38e-e11438443196,0.0,0.0,0.0,6.0,0.0,0.0,"77,379 ",{},17.0,Andorra,"2,501,906",21653.0,03:26:06.997000,638.0,13758.0,29.0,128.0,1673.0,8257.0,141.0
4,957,"42,898",58.0,169,13.0,Africa,Angola,AO,2021-06-05,0.06,d396fba4-054a-44c2-8e79-c57bc6c74233,0.0,0.0,0.0,167.0,0.0,156.0,"33,803,853 ",{},0.0,Angola,"17,263",0.0,03:26:06.997000,19.0,35307.0,2.0,4.0,0.0,0.6,116.0
5,139,0,1.0,0,3.0,North America,Anguilla,AG,2021-06-05,0.0,8f0726cc-1aaf-4daf-9ef2-2e9e653dae43,0.0,0.0,0.0,0.0,0.0,0.0,"15,127 ",{},0.0,Antigua-and-barbuda,"1,467,641",0.0,03:26:06.997000,3.0,1262.0,0.0,0.0,0.0,200.0,206.0
6,78,"2,349",6.0,71,19.0,North America,Antigua and Barbuda,AR,2021-06-05,20.0,7a39dcef-2507-46af-b851-ae6203aea340,0.0,0.0,0.0,30950.0,0.0,26700.0,"98,678 ",{},1.0,Argentina,"169,237",408.0,03:26:06.997000,21.0,3915397.0,2.0,0.0,40.0,214.0,193.0
7,12,567,3.0,"8,115",1645.0,South America,Argentina,AM,2021-06-05,2.0,91c36bb0-4f78-4e03-b9f1-e9ffa4abdd96,0.0,0.0,66.0,72.0,5.0,246.0,"45,578,757 ",{},83.0,Armenia,"315,940",437.0,03:26:06.997000,2208.0,223050.0,95.0,468.0,19758.0,49.0,9.0
8,13,667,3.0,"1,529",803.0,Asia,Armenia,AU,2021-06-05,4.0,1e156263-c0ba-4a3e-9411-592e0bcceb8c,0.0,0.0,0.0,4.0,0.0,6.0,"2,968,368 ",{},30.0,Australia,"369,422",2418.0,03:26:06.997000,1013.0,30141.0,13.0,197.0,7164.0,342.0,74.0
9,10,"1,002",1.0,560,60.0,North America,Aruba,AT,2021-06-05,0.0,b11b393c-d244-4112-a6cf-89d4ce312811,0.0,0.0,0.0,333.0,0.0,407.0,"107,185 ",{},1.0,Austria,"1,562,504",10724.0,03:26:06.997000,92.0,646167.0,0.0,32.0,1145.0,862.0,153.0
10,855,"28,322",1.0,5,2952.0,Australia/Oceania,Australia,AZ,2021-06-05,2.0,7a56a24e-c48a-40ea-bdba-0f228bc349c2,0.3,0.0,38.0,123.0,2.0,406.0,"25,772,912 ",{},81.0,Azerbaijan,"729,895",13880.0,03:26:06.997000,6351.0,334539.0,61.0,3338.0,353941.0,249.0,122.0
11,14,852,0.0,486,6608.0,Europe,Austria,BS,2021-06-05,39.0,aebab115-0236-4773-b3de-7f3511864381,0.0,0.0,0.0,0.0,0.0,0.0,"9,053,899 ",{},243.0,Bahamas,"4,871,972",16086.0,03:26:06.997000,13945.0,11930.0,350.0,6987.0,144877.0,1548.0,38.0
12,31,"2,072",3.0,326,837.0,Asia,Azerbaijan,BH,2021-06-05,1.0,0e260199-8eae-43c7-b07c-8bb677dbcb2f,0.0,0.0,0.0,1492.0,0.0,2400.0,"10,223,575 ",{},27.0,Bahrain,"347,395",6576.0,03:26:06.997000,1098.0,248150.0,11.0,250.0,66677.0,108.0,57.0
13,33,"1,710",4.0,"1,931",33.0,North America,Bahamas,BD,2021-06-05,20.0,0e10d7c0-a889-4aab-856a-33c06ccb5c1a,0.0,0.0,0.0,1887.0,0.0,1723.0,"396,714 ",{},1.0,Bangladesh,"249,283",0.0,03:26:06.997000,46.0,807867.0,8.0,5.0,0.0,117.0,149.0
14,7,"1,642",0.0,"14,565",572.0,Asia,Bahrain,BB,2021-06-05,4.0,cd7396b5-7b95-4a04-97c5-ab066365e4e7,0.0,0.0,0.0,0.0,0.0,0.0,"1,755,751 ",{},4.0,Barbados,"2,678,577",37596.0,03:26:06.997000,1136.0,4026.0,6.0,558.0,63973.0,668.0,71.0
15,206,"13,027",28.0,285,548.0,Asia,Bangladesh,BY,2021-06-05,0.2,077e9151-6d39-4740-81d9-a2890a18c972,0.0,0.0,0.0,1183.0,0.0,1297.0,"166,204,212 ",{},1.0,Belarus,"36,227",59.0,03:26:06.997000,621.0,398052.0,34.0,39.0,9653.0,4.0,32.0
16,71,"6,121",2.0,209,56.0,North America,Barbados,BE,2021-06-05,14.0,9629d7c7-25ca-4763-bf53-135d08e546e9,0.0,0.0,0.0,1599.0,0.0,0.0,"287,701 ",{},4.0,Belgium,"599,268",2801.0,03:26:06.997000,71.0,1066957.0,4.0,11.0,805.0,247.0,175.0
17,24,"3,266",1.0,554,2349.0,Europe,Belarus,BZ,2021-06-05,3.0,9962e9e6-28a8-47a6-ab60-978bdd098077,0.0,0.0,0.0,0.0,0.0,0.0,"9,446,446 ",{},50.0,Belize,"676,885",6773.0,03:26:06.997000,2578.0,12840.0,26.0,203.0,64000.0,273.0,48.0
18,11,465,1.0,"6,143",19584.0,Europe,Belgium,BJ,2021-06-05,311.0,584b665e-6b0b-4e04-add6-7ec3ea2b6867,125.0,2.0,0.0,0.0,0.0,0.0,"11,636,263 ",{},1223.0,Benin,"1,217,486",8814.0,03:26:06.997000,29647.0,8082.0,3600.0,6463.0,102151.0,2558.0,28.0
19,31,"1,244",3.0,240,12.0,North America,Belize,BT,2021-06-05,5.0,5c95248e-f384-4b5f-88c2-803d2914fb48,0.0,0.0,0.0,15.0,0.0,0.0,"404,276 ",{},1.0,Bhutan,"337,514",915.0,03:26:06.997000,14.0,1669.0,2.0,0.0,364.0,35.0,145.0
20,"1,536","121,714",21.0,7,29.0,Africa,Benin,BO,2021-06-05,0.08,4e825402-dbeb-4b24-becf-7777cc91ebcc,0.0,0.0,0.0,0.0,0.0,0.0,"12,414,877 ",{},0.0,Bolivia,"48,676",0.0,03:26:06.997000,35.0,380457.0,1.0,5.0,0.0,3.0,159.0
21,25,"1,881",0.0,161,24.0,North America,Bermuda,BA,2021-06-05,64.0,4f54813c-8455-4358-b3c2-99c14651d339,0.0,0.0,0.0,52.0,0.0,459.0,"62,065 ",{},2.0,Bosnia-and-herzegovina,"4,510,497",6680.0,03:26:06.997000,57.0,204304.0,4.0,29.0,416.0,915.0,181.0
22,467,"779,450",1.0,437,3.0,Asia,Bhutan,BW,2021-06-05,0.0,d9979d84-e566-468c-8e19-6641aedebeba,0.0,0.0,0.0,0.0,0.0,0.0,"779,450 ",{},0.0,Botswana,"1,024,534",1511.0,03:26:06.997000,5.0,56217.0,0.0,2.0,1166.0,6.0,189.0
23,31,793,8.0,"5,516",301.0,South America,Bolivia,BR,2021-06-05,2.0,a467ce0e-5b20-4d8b-b915-85c733174ec6,254.0,6.0,30.0,83391.0,3.0,"+2,198","11,819,869 ",{},3.0,Brazil,"129,845",187.0,03:26:06.997000,330.0,16803472.0,27.0,2.0,2185.0,28.0,51.0
24,16,348,3.0,"5,716",777.0,Europe,Bosnia and Herzegovina,BN,2021-06-05,12.0,b19532bb-ec17-442d-a90b-c7807075f010,0.0,0.0,0.0,0.0,0.0,0.0,"3,261,901 ",{},4.0,Brunei,"302,455",3345.0,03:26:06.997000,1009.0,244.0,39.0,193.0,10975.0,308.0,77.0
25,43,"2,766",2.0,"1,117",12.0,Africa,Botswana,BG,2021-06-05,0.4,f6433401-fedc-4a85-9d2e-c6db7f3ccf20,0.0,0.0,0.0,157.0,0.0,660.0,"2,395,327 ",{},0.0,Bulgaria,"488,694",1325.0,03:26:06.997000,13.0,419337.0,1.0,0.0,3115.0,6.0,108.0
26,13,454,4.0,"5,288",20915.0,South America,Brazil,BF,2021-06-05,6.0,9d115ca3-31c7-49ee-a39a-1b4699a8b6a0,0.0,0.0,126.0,0.0,7.0,0.0,"213,955,536 ",{},296.0,Burkina-faso,"232,955",296.0,03:26:06.997000,22318.0,13446.0,1230.0,173.0,62985.0,105.0,3.0
27,123,"30,417",1.0,"1,249",1.0,North America,British Virgin Islands,BI,2021-06-05,0.0,45f355b7-37a5-4301-ac14-b796ac4ee620,0.0,0.0,0.0,17.0,0.0,0.0,"30,417 ",{},0.0,Burundi,"1,307,723",0.0,03:26:06.997000,3.0,4861.0,0.0,2.0,0.0,99.0,201.0
28,"1,809","147,116",3.0,23,29.0,Asia,Brunei,KH,2021-06-05,2.0,5fdf8e67-8858-4d4a-ac45-becfac1a891c,0.0,0.0,0.0,886.0,0.0,781.0,"441,347 ",{},2.0,Cambodia,"292,919",22593.0,03:26:06.997000,136.0,33075.0,1.0,106.0,9884.0,311.0,202.0
29,16,387,2.0,"2,260",574.0,Europe,Bulgaria,CM,2021-06-05,4.0,cec3bf71-0545-4ee1-9874-a1d021c39f5a,0.0,0.0,1.0,0.0,2.0,0.0,"6,899,941 ",{},36.0,Cameroon,"419,248",2663.0,03:26:06.997000,676.0,78929.0,31.0,71.0,18502.0,97.0,46.0
30,"1,594","128,321",113.0,0.8,309.0,Africa,Burkina Faso,CA,2021-06-05,1.0,c7a96adf-d47d-4394-a357-034ad3a4a951,0.0,0.0,0.0,1877.0,0.0,3361.0,"21,429,564 ",{},0.0,Canada,"8,859",0.0,03:26:06.997000,497.0,1166886.0,27.0,161.0,0.0,24.0,143.0
31,"2,513","2,035,950",39.0,334,5.0,Africa,Burundi,CV,2021-06-05,0.0,b51ace0e-ddd9-4e26-bf49-c6635c87082c,0.0,0.0,0.0,133.0,0.0,196.0,"12,215,699 ",{},0.0,Cape-verde,"25,327",0.0,03:26:06.997000,5.0,30907.0,0.0,0.0,0.0,0.4,170.0
32,692,"50,073",90.0,27,8.0,Africa,CAR,CF,2021-06-05,0.0,115fda78-71b4-45da-91c7-ef689962b21d,0.0,0.0,0.0,0.0,0.0,0.0,"4,907,121 ",{},0.0,Central-african-republic,"11,170",0.0,03:26:06.997000,8.0,7091.0,0.0,0.0,0.0,2.0,162.0
33,18,"2,103",4.0,"2,349",6.0,Africa,Cabo Verde,TD,2021-06-05,2.0,b8ecfae9-bfce-4836-8cc3-a3ff8de93a72,0.0,0.0,0.0,3.0,0.0,4.0,"561,561 ",{},0.0,Chad,"285,242",0.0,03:26:06.997000,8.0,4938.0,1.0,1.0,0.0,14.0,120.0
34,504,"67,192",14.0,430,45.0,Asia,Cambodia,CL,2021-06-05,0.0,f9254310-36db-43be-9a6e-125b3d5229b4,32.0,0.6,0.0,8128.0,0.0,+534,"16,932,342 ",{},1.0,Chile,"69,894",345.0,03:26:06.997000,122.0,1403101.0,0.0,77.0,5768.0,7.0,118.0
35,344,"21,297",16.0,136,710.0,Africa,Cameroon,CN,2021-06-05,0.5,2cfdc760-fa25-4060-89bb-a2c26caee879,0.0,0.0,0.0,25.0,0.0,16.0,"27,153,091 ",{},0.0,China,"62,388",0.0,03:26:06.997000,820.0,103094.0,12.0,98.0,0.0,31.0,98.0
36,27,"1,482",1.0,698,16494.0,North America,Canada,CO,2021-06-05,19.0,13e34a39-1b39-4cb9-bd52-097d994c4b10,0.0,0.0,0.0,28624.0,0.0,23440.0,"38,047,777 ",{},557.0,Colombia,"922,647",11186.0,03:26:06.997000,24383.0,3488046.0,717.0,7172.0,422200.0,646.0,23.0
37,16,"1,556",3.0,681,3.0,North America,Caribbean Netherlands,KM,2021-06-05,0.0,09ef014f-71f8-48f8-a645-29ca523e1fa8,0.0,0.0,0.0,4.0,0.0,4.0,"26,448 ",{},0.0,Comoros,"323,276",381.0,03:26:06.997000,3.0,3886.0,0.0,0.0,10.0,114.0,190.0
38,114,"33,217",1.0,166,46.0,North America,Cayman Islands,CG,2021-06-05,15.0,9549be90-8ee5-486c-b8f0-1c9c159eb405,0.0,0.0,0.0,0.0,0.0,0.0,"66,434 ",{},3.0,Congo-brazzaville,"1,477,752",8156.0,03:26:06.997000,53.0,11845.0,1.0,6.0,536.0,806.0,197.0
39,"3,414","96,888",139.0,0.8,16.0,Africa,Chad,CD,2021-06-05,0.0,450100aa-f0fa-4098-b8d1-75d6fbcbe66e,0.0,0.0,0.0,368.0,0.0,0.0,"16,858,459 ",{},0.0,Congo-kinshasa,"7,192",0.0,03:26:06.997000,18.0,32545.0,0.0,2.0,0.0,1.0,169.0
40,43,"2,039",0.0,137,374.0,Europe,Channel Islands,CR,2021-06-05,52.0,1e1b18c8-d5f0-491a-91da-89f468682384,0.0,0.0,0.0,2200.0,0.0,1219.0,"175,343 ",{},0.0,Costa-rica,"2,591,566",19095.0,03:26:06.997000,431.0,327979.0,9.0,48.0,3320.0,2479.0,174.0
41,14,649,1.0,"2,492",5074.0,South America,Chile,HR,2021-06-05,4.0,15101973-dc09-4f0f-b658-874b38fcaf8f,0.0,0.0,0.0,88.0,0.0,340.0,"19,267,758 ",{},387.0,Croatia,"781,283",4304.0,03:26:06.997000,7213.0,357197.0,80.0,2059.0,82271.0,377.0,22.0
42,"15,779","310,467",9.0,0.3,1156.0,Asia,China,CU,2021-06-05,2.0,bdb4f24b-af35-4a45-ba4e-d1fe43efc126,0.02,0.0,108.0,1129.0,2.0,+10,"1,439,323,776 ",{},121.0,Cuba,"111,163",0.0,03:26:06.997000,82160.0,146696.0,3341.0,77663.0,0.0,57.0,215.0
43,15,565,3.0,"3,115",2397.0,South America,Colombia,CY,2021-06-05,2.0,bda996d8-cc07-434f-8c0b-7c0fe7edb3de,0.0,0.0,0.0,83.0,0.0,0.0,"51,383,506 ",{},92.0,Cyprus,"338,684",821.0,03:26:06.997000,2776.0,72709.0,109.0,270.0,41765.0,55.0,12.0
44,228,"6,073",0.0,11,50.0,Africa,Congo,CZ,2021-06-05,0.9,9729e036-d35f-433e-a426-ea3fe9c52f02,0.0,0.0,0.0,432.0,0.0,410.0,"886,643 ",{},0.0,Czech-republic,0,0.0,03:26:06.997000,60.0,1663040.0,5.0,5.0,0.0,11.0,176.0
45,473,"36,406",38.0,208,536.0,Africa,Costa Rica,CI,2021-06-05,0.6,9ca7bd92-5976-4a7e-860d-3de289b943c3,0.0,0.0,0.0,46.0,0.0,68.0,"5,642,911 ",{},14.0,Cote-divoire,"26,379",1327.0,03:26:06.997000,595.0,47435.0,3.0,56.0,6762.0,117.0,150.0
46,16,"1,237",4.0,"14,779",1204.0,North America,Croatia,DK,2021-06-05,6.0,62df113e-e9b8-49fd-a928-6a3ef34feb30,0.0,0.0,0.0,156.0,0.0,297.0,"5,137,075 ",{},34.0,Denmark,"246,691",3990.0,03:26:06.997000,1600.0,285044.0,23.0,373.0,16381.0,390.0,58.0
47,11,506,2.0,412,559.0,Europe,Cuba,DJ,2021-06-05,2.0,462e852c-3581-4ecc-9f09-72785bd54544,0.0,0.0,0.0,10.0,0.0,3.0,"4,081,798 ",{},11.0,Djibouti,"498,524",1329.0,03:26:06.997000,669.0,11554.0,18.0,92.0,15057.0,59.0,54.0
48,77,"11,412",3.0,517,5.0,North America,Curaçao,DM,2021-06-05,6.0,b661991c-8bff-40ae-8d5c-2a0826ecb6a9,0.0,0.0,0.0,0.0,0.0,0.0,"11,320,215 ",{},0.0,Dominica,"390,255",0.0,03:26:06.997000,14.0,188.0,1.0,8.0,0.0,85.0,84.0
49,13,"1,350",1.0,115,557.0,North America,Cyprus,DO,2021-06-05,9.0,e61ba102-e142-4557-a5bb-771a65a8c454,0.0,0.0,0.0,1295.0,0.0,457.0,"164,714 ",{},8.0,Dominican-republic,"678,151",14845.0,03:26:06.997000,633.0,298414.0,11.0,65.0,17923.0,524.0,146.0
50,17,"3,348",0.0,"1,617",5389.0,Asia,Czechia,EC,2021-06-05,13.0,9f4a20ba-1de7-47e6-8f1b-8b635aa26126,0.0,0.0,0.0,922.0,0.0,0.0,"1,215,480 ",{},87.0,Ecuador,"5,643,454",11684.0,03:26:06.997000,5991.0,430739.0,138.0,464.0,125126.0,559.0,101.0
51,6,356,0.0,896,198.0,Europe,DRC,EG,2021-06-05,0.2,7ad0faeb-ae7b-47ee-80a1-f497be3ad1cb,0.0,0.0,0.0,861.0,0.0,781.0,"10,727,364 ",{},0.0,Egypt,"2,363,943",0.0,03:26:06.997000,234.0,266350.0,20.0,16.0,0.0,3.0,20.0
52,"2,829","116,678",570.0,44,3778.0,Africa,Denmark,SV,2021-06-05,47.0,57b2b923-80a1-4dbc-a4ee-d1ddef34fc1a,0.0,0.0,0.0,0.0,0.0,0.0,"92,059,027 ",{},104.0,El-salvador,"1,754",12107.0,03:26:06.997000,6174.0,74141.0,273.0,2123.0,70125.0,1066.0,119.0
53,20,"2,309",0.0,"2,163",82.0,Europe,Diamond Princess,GQ,2021-06-05,0.0,c3106098-329e-4aa5-a421-b31ee9472391,0.0,0.0,0.0,0.0,0.0,0.0,"5,811,067 ",{},10.0,Equatorial-guinea,"9,975,249",0.0,03:26:06.997000,712.0,8572.0,11.0,619.0,0.0,0.0,63.0
54,0,0,0.0,0,176.0,0,Djibouti,ER,2021-06-05,2.0,12d302cb-dd69-43d3-b706-4ac3f3b4074b,0.0,0.0,0.0,282.0,0.0,39.0, ,{},0.0,Eritrea,0,4505.0,03:26:06.997000,214.0,4427.0,2.0,36.0,4451.0,217.0,196.0
55,87,"6,502",6.0,15,8.0,Africa,Dominica,EE,2021-06-05,0.0,2b6cda6d-19c4-4f6d-b49c-2d35b45fb1b4,0.0,0.0,0.0,96.0,0.0,128.0,"1,001,247 ",{},0.0,Estonia,"160,486",4793.0,03:26:06.997000,16.0,130005.0,0.0,8.0,345.0,222.0,152.0
56,384,0,4.0,14,2663.0,North America,Dominican Republic,ET,2021-06-05,16.0,321262ba-854a-4c86-bb16-f99b85860bf7,0.0,0.0,0.0,347.0,0.0,1272.0,"72,151 ",{},147.0,Ethiopia,"237,488",855.0,03:26:06.997000,2967.0,272632.0,173.0,131.0,9275.0,274.0,203.0
57,37,"3,003",7.0,"4,665",6632.0,North America,Ecuador,FJ,2021-06-05,19.0,6558b33c-f7d8-4a5a-86c5-814738559677,0.0,0.0,0.0,35.0,0.0,6.0,"10,948,342 ",{},184.0,Fiji,"143,716",1340.0,03:26:06.997000,7466.0,571.0,333.0,501.0,23635.0,423.0,62.0
58,42,862,12.0,"1,947",1317.0,South America,Egypt,FI,2021-06-05,2.0,b3ead0a2-539a-4ae5-a5fb-8611dcbd2158,0.0,0.0,0.0,125.0,0.0,0.0,"17,890,013 ",{},0.0,Finland,"80,466",244.0,03:26:06.997000,2065.0,93038.0,159.0,589.0,25000.0,20.0,45.0
59,391,"6,819",36.0,538,109.0,Africa,El Salvador,FR,2021-06-05,0.9,83268553-a837-4bf8-a497-25b48ff8135c,0.0,0.0,12.0,0.0,0.0,0.0,"104,111,544 ",{},2.0,France,"27,563",1037.0,03:26:06.997000,137.0,5755679.0,6.0,22.0,6729.0,21.0,66.0
60,88,"2,883",7.0,409,18.0,North America,Equatorial Guinea,GA,2021-06-05,0.0,b33c63ab-fd84-422e-9219-31fd0b9bfd59,0.0,0.0,0.0,0.0,0.0,0.0,"6,516,462 ",{},0.0,Gabon,"153,576",609.0,03:26:06.997000,21.0,24429.0,0.0,3.0,854.0,15.0,100.0
61,169,"12,248",12.0,183,34.0,Africa,Eritrea,GM,2021-06-05,0.0,a3d17fe8-8dd5-4c92-8429-329d107e05b7,0.0,0.0,0.0,0.0,0.0,0.0,"1,445,231 ",{},0.0,Gambia,"85,224",0.0,03:26:06.997000,34.0,5995.0,0.0,0.0,0.0,10.0,157.0
62,811,"256,549",152.0,145,1186.0,Africa,Estonia,GE,2021-06-05,19.0,903c9331-6990-41f9-a268-4482f8afe8f6,0.0,0.0,0.0,779.0,0.0,959.0,"3,591,685 ",{},11.0,Georgia,"6,597",22878.0,03:26:06.997000,1309.0,347762.0,25.0,98.0,30349.0,987.0,171.0
63,10,"1,053",1.0,"3,453",7.0,Europe,Eswatini,DE,2021-06-05,0.0,dce30e02-710b-4c46-b6a3-9a2c1f0f7507,0.0,0.0,0.0,3688.0,0.0,7250.0,"1,327,361 ",{},0.0,Germany,"1,085,789",0.0,03:26:06.997000,14.0,3701692.0,0.0,7.0,0.0,12.0,90.0
64,63,"1,740",6.0,55,58.0,Africa,Ethiopia,GH,2021-06-05,0.03,b5745e6a-c840-4a31-ad05-74851d1e6680,0.0,0.0,0.0,177.0,0.0,252.0,"1,171,253 ",{},0.0,Ghana,"181,276",34.0,03:26:06.997000,71.0,94188.0,3.0,10.0,3863.0,0.6,133.0
65,431,"28,042",43.0,202,27.0,Africa,Faeroe Islands,GR,2021-06-05,0.0,1825d2b0-3ca6-48b0-b872-886375ac89d0,0.0,0.0,0.0,1106.0,0.0,0.0,"117,580,540 ",{},0.0,Greece,"23,334",112744.0,03:26:06.997000,184.0,407857.0,0.0,157.0,5509.0,3766.0,65.0
66,66,"49,035",0.0,958,4.0,Europe,Falkland Islands,GD,2021-06-05,0.0,3fd9d9d4-9f35-427d-9b9b-e8e0c7da424f,0.0,0.0,0.0,0.0,0.0,0.0,"49,035 ",{},0.0,Grenada,"5,753,992",39368.0,03:26:06.997000,5.0,161.0,0.0,1.0,137.0,1437.0,195.0
67,57,0,0.0,0,16.0,South America,Fiji,GT,2021-06-05,0.0,5071bf19-903e-437d-8b0a-707a4969f866,0.0,0.0,0.0,1321.0,0.0,929.0,"3,573 ",{},0.0,Guatemala,"2,045,060",0.0,03:26:06.997000,16.0,259954.0,0.0,0.0,0.0,18.0,208.0
68,"1,580","225,612",8.0,419,2618.0,Australia/Oceania,Finland,GN,2021-06-05,10.0,79f0829a-1a7d-4621-a803-54ff592fb909,0.0,0.0,0.0,0.0,0.0,0.0,"902,447 ",{},80.0,Guinea,"125,955",8125.0,03:26:06.997000,2974.0,23245.0,56.0,300.0,45019.0,537.0,198.0
69,60,"5,786",1.0,"8,304",91012.0,Europe,France,GW,2021-06-05,221.0,42129d1c-ab7a-4ab2-b3c8-720d1bf56b99,0.0,0.0,0.0,3.0,0.0,4.0,"5,548,685 ",{},6845.0,Guinea-bissau,"918,367",5114.0,03:26:06.997000,132591.0,3787.0,14393.0,27186.0,333807.0,2031.0,97.0
70,11,595,1.0,"3,030",35.0,Europe,French Guiana,GY,2021-06-05,0.0,03a9115e-ef93-4ece-9fce-32276edbd89a,0.0,0.0,0.0,83.0,0.0,89.0,"65,407,141 ",{},1.0,Guyana,"1,318,940",0.0,03:26:06.997000,86.0,17459.0,0.0,51.0,0.0,288.0,4.0
71,12,"2,527",1.0,"47,774",53.0,South America,French Polynesia,HT,2021-06-05,0.0,2a5782f7-28ab-4e84-ba58-5442459aa008,0.0,0.0,0.0,127.0,0.0,0.0,"305,794 ",{},1.0,Haiti,"852,401",3165.0,03:26:06.997000,53.0,15058.0,0.0,0.0,889.0,189.0,126.0
72,15,"1,989",11.0,92,47.0,Australia/Oceania,Gabon,VA,2021-06-05,0.4,aa40bec3-5596-4649-b270-00b2c96151a6,0.0,0.0,0.0,0.0,0.0,0.0,"282,409 ",{},0.0,Holy-see-vatican-city-state,"93,322",0.0,03:26:06.997000,49.0,27.0,1.0,1.0,0.0,22.0,132.0
73,92,"14,766",3.0,713,6.0,Africa,Gambia,HN,2021-06-05,0.4,d3ab44cf-902a-41f7-95c6-c81c7e90a5f6,0.0,0.0,0.0,0.0,0.0,0.0,"2,274,016 ",{},0.0,Honduras,"361,449",116.0,03:26:06.997000,9.0,240382.0,1.0,2.0,281.0,4.0,128.0
74,413,"13,849",30.0,10,196.0,Africa,Georgia,HU,2021-06-05,0.8,cfa50bc2-657a-43df-8ab0-2b5091320505,0.0,0.0,9.0,269.0,0.0,2907.0,"2,478,993 ",{},6.0,Hungary,"32,995",820.0,03:26:06.997000,266.0,805571.0,3.0,67.0,3271.0,67.0,165.0
75,11,817,1.0,"2,814",60532.0,Asia,Germany,IS,2021-06-05,36.0,23de6471-3c22-4da3-abf0-65681023bceb,0.0,0.0,0.0,0.0,0.0,0.0,"3,982,075 ",{},4895.0,Iceland,"1,280,070",15730.0,03:26:06.997000,127854.0,6555.0,3022.0,64300.0,1317887.0,1526.0,56.0
76,23,936,1.0,965,554.0,Europe,Ghana,IN,2021-06-05,0.3,c5e4a4c5-cf0b-4c47-b0e4-fcaf8efc3da6,0.0,0.0,0.0,132364.0,0.0,"+6,900","84,031,739 ",{},2.0,India,"730,446",1221.0,03:26:06.997000,566.0,28574350.0,8.0,4.0,37954.0,18.0,10.0
77,336,"40,292",27.0,35,45.0,Africa,Gibraltar,ID,2021-06-05,0.0,415f6fda-135a-4241-aeb4-96d361ddf7d5,0.0,0.0,0.0,6486.0,0.0,5950.0,"31,669,759 ",{},1.0,Indonesia,"37,443",46244.0,03:26:06.997000,129.0,1843612.0,0.0,84.0,1558.0,3829.0,96.0
78,8,358,0.0,356,1747.0,Europe,Greece,IR,2021-06-05,9.0,e4df66d5-d634-41d0-8153-979c5739e94d,0.0,0.0,0.0,9209.0,0.0,13795.0,"33,682 ",{},76.0,Iran,"7,671,219",4055.0,03:26:06.997000,2114.0,2954309.0,98.0,269.0,42261.0,203.0,172.0
79,25,849,1.0,"1,737",0.0,Europe,Greenland,IQ,2021-06-05,0.0,06a71653-777e-4391-8ac3-0500b802b715,0.0,0.0,0.0,4157.0,0.0,4126.0,"10,375,871 ",{},0.0,Iraq,"936,929",16065.0,03:26:06.997000,11.0,1218524.0,0.0,11.0,912.0,194.0,47.0
80,"1,422",0,2.0,106,14.0,North America,Grenada,IE,2021-06-05,0.0,62d1ee43-2a01-4fa4-a9c2-53f2aa79e818,0.0,0.0,0.0,517.0,0.0,0.0,"56,861 ",{},2.0,Ireland,"455,954",818.0,03:26:06.997000,14.0,263769.0,0.0,0.0,92.0,124.0,210.0
81,702,"113,005",4.0,0,68.0,North America,Guadeloupe,IL,2021-06-05,20.0,8e71804d-bfc3-4cc7-8c26-b24ddd7c0ef6,0.0,0.0,0.0,7.0,0.0,5.0,"113,005 ",{},13.0,Israel,"253,829",0.0,03:26:06.997000,143.0,839539.0,8.0,67.0,0.0,357.0,204.0
82,24,"1,811",2.0,"35,131",131.0,North America,Guatemala,IT,2021-06-05,0.3,3090a895-370b-40b9-aefe-7865695adde3,0.0,0.0,0.0,1963.0,0.0,6392.0,"400,187 ",{},3.0,Italy,"503,462",63.0,03:26:06.997000,155.0,4225163.0,5.0,19.0,1134.0,9.0,135.0
83,70,"2,206",13.0,785,233.0,North America,Guinea,JM,2021-06-05,0.0,efb65307-7316-428e-a757-72901011a4f3,0.0,0.0,0.0,0.0,0.0,0.0,"18,220,742 ",{},0.0,Jamaica,"79,327",0.0,03:26:06.997000,250.0,48638.0,0.0,17.0,0.0,19.0,68.0
84,579,"83,086",30.0,134,38.0,Africa,Guinea-Bissau,JP,2021-06-05,0.0,8fc3f579-0e40-45f0-8267-64b5afd9ed2c,0.0,0.0,0.0,2848.0,0.0,5258.0,"13,459,905 ",{},0.0,Japan,"33,805",762.0,03:26:06.997000,38.0,755713.0,0.0,0.0,1500.0,19.0,129.0
85,531,"29,570",29.0,94,31.0,Africa,Guyana,JO,2021-06-05,8.0,2c8bffe8-0cc5-4ee6-a95f-31af9d4200e9,0.0,0.0,0.0,494.0,0.0,627.0,"2,010,762 ",{},3.0,Jordan,"34,398",245.0,03:26:06.997000,45.0,739015.0,6.0,8.0,193.0,57.0,177.0
86,45,"1,960",5.0,"2,397",30.0,South America,Haiti,KZ,2021-06-05,0.3,737785bf-dd9e-4e3c-8f29-243364de221b,0.0,0.0,0.0,0.0,0.0,0.0,"790,061 ",{},0.0,Kazakhstan,"201,335",32.0,03:26:06.997000,33.0,447275.0,3.0,0.0,365.0,3.0,134.0
87,754,"35,699",162.0,210,365.0,North America,Honduras,KE,2021-06-05,3.0,361e502f-f71a-4131-9add-6a5aa522b7c2,0.0,0.0,4.0,284.0,0.0,124.0,"11,530,778 ",{},10.0,Kenya,"6,162",162.0,03:26:06.997000,397.0,171942.0,25.0,7.0,1600.0,40.0,138.0
88,42,"1,557",14.0,"14,787",641.0,North America,Hong Kong,KI,2021-06-05,0.5,7a783979-a0fe-4229-9419-c43a4acb3513,65.0,4.0,0.0,0.0,0.0,+96,"10,049,786 ",{},13.0,Kiribati,"72,806",12900.0,03:26:06.997000,1005.0,2.0,4.0,360.0,96709.0,134.0,72.0
89,637,"35,967",0.0,8,1229.0,Asia,Hungary,KR,2021-06-05,11.0,8d7df6f5-a019-4a77-b93f-df1661f59238,0.0,0.0,48.0,0.0,10.0,0.0,"7,553,165 ",{},58.0,Korea-south,"2,212,335",3604.0,03:26:06.997000,1458.0,142852.0,109.0,120.0,34819.0,151.0,151.0
90,12,323,2.0,"6,708",804.0,Europe,Iceland,KW,2021-06-05,23.0,92c91bd0-6d76-41d8-904d-d82c28b6b21b,0.0,0.0,0.0,1280.0,0.0,1156.0,"9,637,630 ",{},10.0,Kuwait,"610,616",103308.0,03:26:06.997000,1701.0,314569.0,8.0,889.0,35253.0,4985.0,33.0
91,52,"11,443",1.0,137,7813.0,Europe,India,KG,2021-06-05,0.2,bce79382-2de4-4e06-adc1-c24607851ed2,0.0,0.0,35.0,383.0,0.0,320.0,"343,290 ",{},0.0,Kyrgyzstan,"1,978,024",137.0,03:26:06.997000,9240.0,106223.0,331.0,1096.0,189111.0,7.0,164.0
92,49,"4,047",4.0,"1,117",3509.0,Asia,Indonesia,LA,2021-06-05,1.0,de09d6f4-8d8a-4da6-bc8b-660bd577b7be,0.7,0.0,0.0,0.0,0.0,"+8,419","1,392,531,169 ",{},0.0,Lao-pdr,"259,365",99.0,03:26:06.997000,4241.0,1943.0,373.0,359.0,27075.0,16.0,2.0
93,150,"5,384",16.0,343,23318.0,Asia,Iran,LV,2021-06-05,53.0,96d6b4b8-e5b6-455e-862a-b080237d3345,0.0,0.0,0.0,259.0,0.0,494.0,"276,193,488 ",{},3930.0,Latvia,"61,888",3136.0,03:26:06.997000,71686.0,134421.0,4474.0,43894.0,263388.0,853.0,18.0
94,29,"1,052",4.0,"4,128",636.0,Asia,Iraq,LB,2021-06-05,2.0,94e8e04b-7283-4e5f-a46d-abce53f7590d,0.0,0.0,0.0,223.0,0.0,1007.0,"84,984,676 ",{},0.0,Lebanon,"240,532",880.0,03:26:06.997000,1352.0,541232.0,76.0,640.0,35415.0,34.0,13.0
95,34,"2,490",4.0,"1,673",9296.0,Asia,Ireland,LS,2021-06-05,68.0,0c9a84be-0a8f-4764-b7cb-2fb0de4263fd,0.0,0.0,0.0,0.0,0.0,0.0,"41,052,589 ",{},194.0,Lesotho,"258,580",10734.0,03:26:06.997000,9655.0,10836.0,334.0,25.0,53000.0,1955.0,25.0
96,19,"1,010",1.0,"2,532",114.0,Europe,Isle of Man,LR,2021-06-05,24.0,c286ef44-8845-45e2-a8d3-49365dbd5f11,0.0,0.0,0.0,31.0,0.0,5.0,"4,988,691 ",{},11.0,Liberia,"948,052",22744.0,03:26:06.997000,228.0,2250.0,2.0,112.0,1934.0,2681.0,67.0
97,54,"2,947",1.0,70,9415.0,Europe,Israel,LY,2021-06-05,12.0,d28df7c9-8cac-4728-a451-ca4e7457abbb,0.0,0.0,0.0,386.0,0.0,279.0,"85,449 ",{},183.0,Libya,"750,073",13557.0,03:26:06.997000,11145.0,186953.0,103.0,1627.0,117339.0,1288.0,191.0
98,11,"1,453",1.0,21,102253.0,Asia,Italy,LI,2021-06-05,329.0,399db3fc-d7b0-4e71-9121-2827f1c2673a,0.0,0.0,0.0,0.0,0.0,0.0,"9,326,000 ",{},3343.0,Liechtenstein,"1,580,427",16708.0,03:26:06.997000,156363.0,3017.0,19899.0,34211.0,1010193.0,2586.0,31.0
99,14,478,1.0,"3,316",484.0,Europe,Ivory Coast,LT,2021-06-05,0.2,47358cef-4147-4029-90c9-b5a16ce9ecae,0.0,0.0,0.0,370.0,0.0,666.0,"60,379,497 ",{},0.0,Lithuania,"1,108,637",0.0,03:26:06.997000,574.0,275915.0,5.0,85.0,0.0,22.0,8.0
100,569,"88,165",41.0,8,52.0,Africa,Jamaica,LU,2021-06-05,1.0,3accc834-7209-46e0-93f5-9635fa003d07,0.0,0.0,0.0,94.0,0.0,72.0,"26,978,556 ",{},0.0,Luxembourg,"24,263",306.0,03:26:06.997000,72.0,70182.0,4.0,16.0,907.0,24.0,111.0
101,61,"3,097",8.0,"7,371",6463.0,North America,Japan,MK,2021-06-05,1.0,f4079cde-61ce-4332-8e53-fdc51fbbe86d,0.0,0.0,0.0,15.0,0.0,38.0,"2,973,118 ",{},129.0,Macedonia,"130,853",612.0,03:26:06.997000,7370.0,155379.0,123.0,784.0,77381.0,58.0,110.0
102,167,"9,437",9.0,370,181.0,Asia,Jordan,MG,2021-06-05,0.7,0da7b95a-8cd7-4567-ab1a-43ecc9c1100a,0.0,0.0,0.0,52.0,0.0,0.0,"126,117,791 ",{},5.0,Madagascar,"117,183",2009.0,03:26:06.997000,389.0,41540.0,7.0,201.0,20500.0,38.0,34.0
103,14,"1,083",1.0,955,863.0,Asia,Kazakhstan,MW,2021-06-05,0.6,b2d3f3d1-89b7-4988-a9d9-01f838cead61,0.0,0.0,22.0,6.0,1.0,8.0,"10,296,651 ",{},21.0,Malawi,"716,316",3691.0,03:26:06.997000,973.0,34371.0,11.0,99.0,69304.0,52.0,35.0
104,48,"4,697",2.0,"1,257",164.0,Asia,Kenya,MY,2021-06-05,0.1,2c8b5feb-d14b-4a8a-87b5-7b88496a1adc,63.0,1.0,0.0,7748.0,0.0,"+1,371","18,983,943 ",{},2.0,Malaysia,"609,726",139.0,03:26:06.997000,197.0,603122.0,8.0,25.0,7449.0,4.0,49.0
105,319,"16,932",30.0,934,1091.0,Africa,Kuwait,MV,2021-06-05,0.2,19af64d3-32e0-4c93-8db2-af641ec90667,0.0,0.0,0.0,432.0,0.0,1771.0,"54,860,740 ",{},29.0,Maldives,"33,298",0.0,03:26:06.997000,1234.0,66948.0,1.0,142.0,0.0,289.0,81.0
106,14,"2,422",2.0,"3,303",347.0,Asia,Kyrgyzstan,ML,2021-06-05,0.8,837fc1e9-4557-48c2-85f8-c5ed20202c92,0.0,0.0,42.0,6.0,0.0,10.0,"4,328,797 ",{},5.0,Mali,"612,561",1474.0,03:26:06.997000,419.0,14287.0,5.0,67.0,9618.0,64.0,59.0
107,62,"3,596",6.0,707,19.0,Asia,Laos,MT,2021-06-05,0.0,9c507780-fe34-4e8d-8fc6-6a216c1236b4,62.0,0.8,0.0,2.0,0.0,+320,"6,623,377 ",{},0.0,Malta,"174,620",157.0,03:26:06.997000,19.0,30559.0,0.0,0.0,1140.0,3.0,92.0
108,"3,767","2,457,633",29.0,35,630.0,Asia,Latvia,MH,2021-06-05,3.0,30ccf481-2de8-4b2a-ab45-d7cc6f4b6ba0,0.7,0.0,0.0,0.0,0.0,+13,"7,372,900 ",{},2.0,Marshall-islands,"34,732",14958.0,03:26:06.997000,651.0,4.0,5.0,16.0,28214.0,345.0,188.0
109,14,777,1.0,"2,424",530.0,Europe,Lebanon,MR,2021-06-05,3.0,4987da0b-e208-4752-a965-9b50a98e81ae,0.0,0.0,0.0,0.0,0.0,0.0,"1,866,845 ",{},34.0,Mauritania,"1,449,637",2220.0,03:26:06.997000,630.0,19695.0,20.0,80.0,15152.0,92.0,87.0
110,13,877,2.0,"1,621",42.0,Asia,Liberia,MU,2021-06-05,1.0,84a33de6-af7e-4333-bdc2-917c473dc1fb,0.0,0.0,0.0,0.0,0.0,0.0,"6,797,121 ",{},0.0,Mauritius,"649,317",0.0,03:26:06.997000,50.0,1421.0,5.0,3.0,0.0,10.0,42.0
111,199,"6,619",23.0,"1,888",15.0,Africa,Libya,MX,2021-06-05,0.1,6e8a669e-edc3-4931-b7c6-5af1a3d6717c,0.0,0.0,0.0,2894.0,0.0,2084.0,"2,157,937 ",{},0.0,Mexico,"44,011",78.0,03:26:06.997000,25.0,2426822.0,1.0,9.0,535.0,4.0,154.0
112,"2,296","60,081",48.0,22,23.0,Africa,Liechtenstein,FM,2021-06-05,26.0,0fb39ff8-0027-4bfb-a4a5-39edbcbf792c,0.0,0.0,0.0,0.0,0.0,0.0,"5,166,969 ",{},0.0,Micronesia,"20,968",23605.0,03:26:06.997000,79.0,1.0,1.0,55.0,900.0,2072.0,185.0
113,37,"2,218",7.0,"1,567",937.0,Africa,Lithuania,MD,2021-06-05,9.0,8fdbbdbc-5768-4145-9cc4-926321b38795,0.0,0.0,9.0,48.0,1.0,105.0,"6,957,465 ",{},14.0,Moldova,"149,601",15246.0,03:26:06.997000,1062.0,255402.0,24.0,101.0,41503.0,390.0,79.0
114,13,659,1.0,706,2715.0,Europe,Luxembourg,MC,2021-06-05,105.0,032fb9f8-c909-4abf-8434-0108aba77666,0.0,0.0,0.0,0.0,0.0,1.0,"38,229 ",{},30.0,Monaco,"1,184,990",46591.0,03:26:06.997000,3281.0,2508.0,66.0,500.0,29165.0,5241.0,178.0
115,10,625,1.0,"4,941",7.0,Europe,MS Zaandam,MN,2021-06-05,0.0,cc924251-fa5e-47c1-a39e-c2df4a99c3b3,0.0,0.0,0.0,0.0,0.0,0.0,"2,687,017 ",{},0.0,Mongolia,"1,285,336",0.0,03:26:06.997000,9.0,62585.0,2.0,0.0,0.0,0.0,64.0
116,9,777,0.0,"1,272",35.0,Europe,Macao,ME,2021-06-05,0.0,3e52806e-f19d-48c0-ad84-76c858211011,0.0,0.0,0.0,41.0,0.0,55.0,"635,363 ",{},1.0,Montenegro,"4,606,403",0.0,03:26:06.997000,45.0,99758.0,0.0,10.0,0.0,69.0,103.0
117,"12,892",0,147.0,3,86.0,Asia,Madagascar,MA,2021-06-05,0.0,a4ab1537-b799-4f71-9bd2-77867ef0752c,0.0,0.0,0.0,346.0,0.0,360.0,"657,498 ",{},1.0,Morocco,"6,818",0.0,03:26:06.997000,106.0,520769.0,0.0,20.0,0.0,4.0,209.0
118,682,"33,075",139.0,0.2,11.0,Africa,Malawi,MZ,2021-06-05,0.1,6fc50ebc-6cae-4c68-ba0c-b65687ad7f23,0.0,0.0,0.0,54.0,0.0,11.0,"28,345,021 ",{},1.0,Mozambique,"7,203",15.0,03:26:06.997000,13.0,71019.0,2.0,0.0,287.0,0.7,113.0
119,570,"16,941",79.0,29,2499.0,Africa,Malaysia,MM,2021-06-05,2.0,98161ef9-dec8-449b-a5b3-9e43e5e3f73e,0.0,0.0,0.0,212.0,0.0,7.0,"19,584,069 ",{},66.0,Myanmar,"12,676",2394.0,03:26:06.997000,4683.0,144157.0,76.0,2108.0,77491.0,145.0,117.0
120,54,"10,292",3.0,"2,576",6.0,Asia,Maldives,0,2021-06-05,0.0,a839d733-36fd-4403-96a2-1ebf80b82b4d,0.0,0.0,0.0,596.0,0.0,644.0,"32,748,535 ",{},0.0,Namibia,"380,985",0.0,03:26:06.997000,20.0,57577.0,0.0,14.0,0.0,37.0,39.0
121,8,"3,103",1.0,"38,304",74.0,Asia,Mali,NP,2021-06-05,0.4,1d384ce7-90d9-4211-ae97-b9f4fe20a567,0.0,0.0,0.0,4624.0,0.0,8663.0,"549,313 ",{},0.0,Nepal,"1,620,111",0.0,03:26:06.997000,105.0,581560.0,9.0,22.0,0.0,5.0,104.0
122,"1,455","40,205",69.0,193,331.0,Africa,Malta,NL,2021-06-05,7.0,bcec0c24-5724-4372-b8b3-5d2ea41c8bff,0.0,0.0,0.0,2735.0,0.0,0.0,"20,786,153 ",{},4.0,Netherlands,"14,394",38633.0,03:26:06.997000,378.0,1657017.0,3.0,44.0,17058.0,856.0,140.0
123,14,"1,056",0.0,167,99.0,Europe,Martinique,NZ,2021-06-05,16.0,cd58a48e-2bd7-4063-8cc7-199645f15e9b,0.0,0.0,0.0,0.0,0.0,0.0,"442,631 ",{},19.0,New-zealand,"2,115,552",0.0,03:26:06.997000,155.0,2682.0,6.0,50.0,0.0,413.0,121.0
124,31,"3,947",2.0,"31,592",4.0,North America,Mauritania,NI,2021-06-05,0.2,b057ef25-fa9d-4b51-8164-4d86fd5df018,0.0,0.0,0.0,0.0,0.0,0.0,"374,996 ",{},0.0,Nicaragua,"486,587",107.0,03:26:06.997000,7.0,7481.0,1.0,2.0,496.0,2.0,148.0
125,241,"10,219",17.0,120,273.0,Africa,Mauritius,NE,2021-06-05,7.0,18087c76-7fb5-457b-8edf-71b4eff4df74,0.0,0.0,0.0,15.0,0.0,13.0,"4,761,918 ",{},3.0,Niger,"57,321",5565.0,03:26:06.997000,324.0,5431.0,9.0,42.0,7077.0,255.0,131.0
126,896,"70,762",4.0,161,134.0,Africa,Mayotte,NG,2021-06-05,11.0,54fe2125-21c0-4111-8f59-98a2d7f04b7b,0.0,0.0,0.0,48.0,0.0,63.0,"1,273,721 ",{},3.0,Nigeria,"281,596",4948.0,03:26:06.997000,196.0,166730.0,3.0,59.0,1350.0,718.0,192.0
127,14,"1,612",2.0,"61,101",2522.0,Africa,Mexico,NO,2021-06-05,2.0,21d53fc1-96eb-452e-83c7-a2e5d1df45be,0.0,0.0,442.0,303.0,23.0,0.0,"278,865 ",{},185.0,Norway,"634,425",284.0,03:26:06.997000,4661.0,126521.0,296.0,1843.0,36594.0,36.0,130.0
128,54,570,18.0,"2,034",1536.0,North America,Moldova,OM,2021-06-05,8.0,b9a321e8-6d58-4b51-a27c-13b64f9ed5f3,22.0,2.0,0.0,0.0,1.0,"+1,725","130,183,208 ",{},80.0,Oman,"54,625",1555.0,03:26:06.997000,1662.0,220702.0,32.0,94.0,6271.0,412.0,15.0
129,16,657,4.0,332,86.0,Europe,Monaco,PK,2021-06-05,25.0,353c75a4-c1d6-4fbe-b4b6-7b9a0def602d,0.0,0.0,0.0,1893.0,0.0,3431.0,"4,025,279 ",{},5.0,Pakistan,"280,747",0.0,03:26:06.997000,93.0,928588.0,1.0,6.0,0.0,2370.0,69.0
130,16,"1,197",1.0,152,13.0,Europe,Mongolia,PS,2021-06-05,0.0,f7448d54-1e13-4e2e-ad3b-3a962c1417d5,0.0,0.0,1.0,311.0,0.0,101.0,"39,499 ",{},0.0,Palestine,"1,315,299",0.0,03:26:06.997000,17.0,309644.0,0.0,4.0,0.0,5.0,180.0
131,52,"10,837",1.0,"3,029",264.0,Asia,Montenegro,PA,2021-06-05,5.0,742667d1-ce49-40bd-bc34-a997eb7c6495,419.0,2.0,0.0,915.0,0.0,+783,"3,326,941 ",{},7.0,Panama,"897,659",4568.0,03:26:06.997000,272.0,381122.0,3.0,5.0,2869.0,433.0,105.0
132,6,395,1.0,"1,087",10.0,Europe,Montserrat,PG,2021-06-05,0.0,69234548-6aa8-480e-a326-71cad2da9788,0.0,0.0,2.0,0.0,0.0,0.0,"628,140 ",{},1.0,Papua-new-guinea,"666,904",7212.0,03:26:06.997000,11.0,16185.0,0.0,1.0,36.0,2204.0,94.0
133,250,"4,995",4.0,0,1366.0,North America,Morocco,PY,2021-06-05,3.0,a0cc1968-b5e0-4e80-9769-e77874a289bb,0.0,0.0,0.0,3481.0,0.0,2315.0,"4,995 ",{},1.0,Paraguay,"281,882",230.0,03:26:06.997000,1661.0,368183.0,118.0,177.0,8473.0,45.0,213.0
134,72,"4,070",6.0,81,19.0,Africa,Mozambique,PE,2021-06-05,0.0,0fb13561-5e1d-4b1a-a896-ca2055e8798c,0.0,0.0,0.0,0.0,0.0,0.0,"37,314,253 ",{},0.0,Peru,"175,561",22.0,03:26:06.997000,21.0,1965432.0,0.0,2.0,679.0,0.7,43.0
135,451,"38,303",57.0,17,35.0,Africa,Myanmar,PH,2021-06-05,0.07,38b1b9c0-7dd0-4961-8803-8ff91be8c929,0.0,0.0,0.0,7438.0,0.0,2254.0,"32,059,306 ",{},0.0,Philippines,"17,412",26.0,03:26:06.997000,41.0,1255337.0,4.0,2.0,1406.0,0.8,102.0
136,380,"16,997",21.0,156,13.0,Asia,Namibia,PL,2021-06-05,0.0,1f884a19-1c22-42a9-921f-712587d25765,0.0,0.0,0.0,319.0,0.0,1186.0,"54,746,867 ",{},0.0,Poland,"48,007",142.0,03:26:06.997000,16.0,2874411.0,0.0,3.0,362.0,6.0,85.0
137,45,"2,874",6.0,"1,880",12.0,Africa,Nepal,PT,2021-06-05,0.0,574eb8ad-04a3-4ad0-a5ea-c044d6787381,0.0,0.0,1.0,430.0,0.0,300.0,"2,583,283 ",{},0.0,Portugal,"171,814",178.0,03:26:06.997000,13.0,851461.0,0.0,1.0,5184.0,0.4,107.0
138,51,"3,831",9.0,"3,298",22600.0,Asia,Netherlands,QA,2021-06-05,160.0,49383b9e-7705-451c-9509-50769d2367f7,0.0,0.0,0.0,183.0,0.0,248.0,"29,619,460 ",{},1384.0,Qatar,"105,374",5926.0,03:26:06.997000,25587.0,218263.0,2737.0,250.0,101534.0,1493.0,40.0
139,10,972,1.0,"7,432",17.0,Europe,New Caledonia,XK,2021-06-05,0.0,9ba059bd-c7dc-484c-8669-9ce5a3caf2e8,0.0,0.0,0.0,7.0,0.0,147.0,"17,169,949 ",{},0.0,Kosovo,"817,512",9135.0,03:26:06.997000,18.0,107058.0,0.0,1.0,2608.0,63.0,21.0
140,"2,250",0,9.0,243,798.0,Australia/Oceania,New Zealand,RO,2021-06-05,1.0,82af558c-1b3e-445b-b817-832962971d0e,0.0,0.0,19.0,225.0,1.0,668.0,"288,032 ",{},4.0,Romania,"114,768",13029.0,03:26:06.997000,1349.0,1078563.0,5.0,546.0,62827.0,280.0,205.0
141,"1,865","192,388",2.0,3,4.0,Australia/Oceania,Nicaragua,RU,2021-06-05,0.2,c6d5a51b-b2a0-4d60-9d20-7b9893121843,0.0,0.0,0.0,8807.0,0.0,9269.0,"5,002,100 ",{},0.0,Russia,"431,759",0.0,03:26:06.997000,9.0,5040390.0,1.0,4.0,0.0,1.0,179.0
142,895,"35,814",0.0,458,442.0,North America,Niger,RW,2021-06-05,0.5,1b63f067-95c4-4e7e-88f7-3f0cae2c04f7,0.0,0.0,0.0,43.0,0.0,101.0,"6,697,279 ",{},0.0,Rwanda,0,180.0,03:26:06.997000,529.0,27162.0,12.0,75.0,4353.0,22.0,161.0
143,"4,605","130,255",229.0,5,228.0,Africa,Nigeria,KN,2021-06-05,0.05,aa6f6abd-d3a4-41ee-898e-74f8ebb487c5,0.0,0.0,0.0,0.0,0.0,0.0,"25,008,869 ",{},2.0,Saint-kitts-and-nevis,"4,360",24.0,03:26:06.997000,323.0,75.0,10.0,85.0,5000.0,2.0,166.0
144,"1,265","99,591",99.0,10,753.0,Africa,North Macedonia,LC,2021-06-05,16.0,5b6c008b-c886-4483-80da-8208d85af7bc,0.0,0.0,0.0,0.0,0.0,0.0,"210,834,825 ",{},15.0,Saint-lucia,"10,117",3867.0,03:26:06.997000,828.0,5102.0,34.0,41.0,8057.0,397.0,82.0
145,13,383,3.0,493,6365.0,Europe,Norway,VC,2021-06-05,24.0,834087f9-06d3-4777-8522-64bc27ee7b31,0.0,0.0,0.0,0.0,0.0,0.0,"2,083,295 ",{},59.0,Saint-vincent-and-the-grenadines,"386,277",23332.0,03:26:06.997000,6525.0,2044.0,128.0,32.0,126486.0,1204.0,83.0
146,43,"6,956",1.0,"6,737",486.0,Europe,Oman,WS,2021-06-05,0.8,eae02a4d-91b6-440d-bf03-e32be64ac419,0.0,0.0,0.0,0.0,0.0,0.0,"5,460,402 ",{},3.0,Samoa,"1,070,876",0.0,03:26:06.997000,599.0,3.0,4.0,109.0,0.0,117.0,91.0
147,24,"2,191",3.0,"3,118",4186.0,Asia,Pakistan,SM,2021-06-05,0.4,07e2a3cb-6c8e-419c-91cc-d182b355f3a1,0.0,0.0,144.0,0.0,2.0,0.0,"5,225,953 ",{},44.0,San-marino,"296,597",295.0,03:26:06.997000,5374.0,5090.0,93.0,1095.0,65114.0,24.0,75.0
148,242,"10,611",17.0,218,230.0,Asia,Palestine,ST,2021-06-05,0.4,b2f0c28b-df80-4bc3-a4d5-8118e77a077a,9.0,0.4,0.0,4.0,0.0,"+4,380","224,840,817 ",{},0.0,Sao-tome-and-principe,"59,914",3397.0,03:26:06.997000,290.0,2353.0,2.0,58.0,17329.0,57.0,29.0
149,17,"1,484",3.0,881,3284.0,Asia,Panama,SA,2021-06-05,20.0,680ea2a3-983c-4868-bd13-a12090305883,0.0,0.0,0.0,1201.0,0.0,1322.0,"5,210,449 ",{},106.0,Saudi-arabia,"352,396",3511.0,03:26:06.997000,3400.0,455418.0,87.0,29.0,15147.0,788.0,60.0
150,11,685,2.0,"1,641",2.0,North America,Papua New Guinea,SN,2021-06-05,0.0,0659ddfe-3982-43b5-97a4-5f8d22ccd432,0.0,0.0,0.0,42.0,0.0,36.0,"4,377,367 ",{},0.0,Senegal,"617,207",8.0,03:26:06.997000,2.0,41581.0,0.0,0.0,72.0,0.2,52.0
151,562,"56,192",79.0,68,119.0,Australia/Oceania,Paraguay,RS,2021-06-05,0.8,adf48181-d9d5-4583-bd8e-28f7d35eaf16,0.0,0.0,13.0,210.0,0.0,0.0,"9,103,068 ",{},1.0,Serbia,"12,661",317.0,03:26:06.997000,147.0,713417.0,6.0,22.0,2262.0,21.0,136.0
152,20,751,5.0,"7,856",5528.0,South America,Peru,SC,2021-06-05,6.0,4dc5650e-18c2-4e13-bce4-8e6a8db52dc6,0.0,0.0,0.0,0.0,0.0,0.0,"7,213,372 ",{},134.0,Seychelles,"184,907",2320.0,03:26:06.997000,7519.0,11621.0,193.0,1798.0,76506.0,228.0,53.0
153,17,180,3.0,"2,087",4154.0,South America,Philippines,SL,2021-06-05,3.0,ab949451-a9a4-4cf0-8e55-99cfd0c56398,0.0,0.0,0.0,0.0,0.0,0.0,"33,395,404 ",{},1.0,Sierra-leone,"391,555",309.0,03:26:06.997000,4648.0,4162.0,297.0,197.0,33814.0,42.0,17.0
154,88,"5,150",8.0,548,6003.0,Asia,Poland,SG,2021-06-05,6.0,52a382a9-84dc-486f-a293-fee1c37d7506,0.0,0.0,0.0,13.0,0.0,23.0,"110,926,301 ",{},160.0,Singapore,"122,788",3646.0,03:26:06.997000,6674.0,62158.0,232.0,439.0,138007.0,176.0,24.0
155,13,510,2.0,"4,152",15804.0,Europe,Portugal,SK,2021-06-05,49.0,764f4c5f-c531-4b39-a4de-9a7240f29266,0.0,0.0,0.0,94.0,0.0,0.0,"37,808,230 ",{},228.0,Slovakia,"426,678",16046.0,03:26:06.997000,16585.0,390223.0,504.0,277.0,163616.0,1627.0,14.0
156,12,597,1.0,"2,308",2697.0,Europe,Qatar,SI,2021-06-05,2.0,f5669d80-e05c-417f-a34a-0c4a7c3ace44,0.0,0.0,0.0,281.0,0.0,331.0,"10,169,168 ",{},37.0,Slovenia,"1,176,722",17043.0,03:26:06.997000,2979.0,254973.0,7.0,275.0,49102.0,1034.0,30.0
157,13,"4,970",1.0,"1,094",5132.0,Asia,Romania,SB,2021-06-05,16.0,90e3a826-b461-41c6-a7f4-b75f35580f71,0.0,0.0,0.0,0.0,0.0,0.0,"2,807,805 ",{},204.0,Solomon-islands,"726,897",3240.0,03:26:06.997000,6300.0,20.0,316.0,852.0,62328.0,327.0,76.0
158,18,625,2.0,315,14349.0,Europe,Russia,SO,2021-06-05,0.9,96a5c7a7-8b7a-448a-8e72-c84500cf71fc,0.0,0.0,0.0,0.0,0.0,0.0,"19,118,710 ",{},8.0,Somalia,"479,582",8223.0,03:26:06.997000,15770.0,14699.0,130.0,1291.0,1200000.0,108.0,26.0
159,29,"1,187",1.0,"1,812",101.0,Europe,Rwanda,ZA,2021-06-05,0.0,93a24a64-f866-46bd-ad5c-5c19fa735817,0.0,0.0,0.0,5668.0,0.0,3340.0,"145,992,382 ",{},0.0,South-africa,"955,529",152.0,03:26:06.997000,126.0,1686041.0,0.0,25.0,1966.0,10.0,6.0
160,488,"36,900",9.0,51,349.0,Africa,Réunion,SS,2021-06-05,0.0,d94e41d6-198a-485b-a780-d568adf489d0,0.0,0.0,0.0,0.0,0.0,0.0,"13,247,273 ",{},3.0,South-sudan,"110,401",0.0,03:26:06.997000,389.0,10688.0,0.0,40.0,0.0,434.0,123.0
161,36,"4,768",9.0,"2,126",2873.0,Africa,S. Korea,ES,2021-06-05,4.0,4834d0ed-d76a-456f-87fc-b7bf3d0db060,0.0,0.0,25.0,5250.0,3.0,0.0,"901,216 ",{},55.0,Spain,"113,979",10038.0,03:26:06.997000,10537.0,3693012.0,217.0,7447.0,514621.0,206.0,125.0
162,357,"26,032",5.0,153,12.0,Asia,Saint Kitts and Nevis,LK,2021-06-05,0.0,b2dd17f9-6cbd-4282-91b8-8baf1544f0bc,15.0,0.04,0.0,3410.0,0.0,+474,"51,310,021 ",{},0.0,Sri-lanka,"193,840",3853.0,03:26:06.997000,12.0,199254.0,0.0,0.0,205.0,226.0,86.0
163,687,0,3.0,504,11.0,North America,Saint Lucia,SD,2021-06-05,0.0,761b3891-e67e-43bb-9758-2fe3d8b84366,0.0,0.0,0.0,0.0,0.0,0.0,"53,547 ",{},0.0,Sudan,"314,322",0.0,03:26:06.997000,15.0,35656.0,0.0,4.0,0.0,82.0,207.0
164,36,"2,305",4.0,824,19.0,North America,Saint Martin,SR,2021-06-05,52.0,9ca4ae62-f5b9-410e-a15f-69250d4665f4,0.0,0.0,0.0,0.0,0.0,0.0,"184,403 ",{},5.0,Suriname,"265,918",0.0,03:26:06.997000,32.0,15676.0,2.0,11.0,0.0,828.0,167.0
165,19,"3,273",1.0,"16,016",1.0,North America,Saint Pierre Miquelon,SZ,2021-06-05,0.0,35f87455-77e7-466f-be70-3d5e62b99617,0.0,0.0,0.0,0.0,0.0,0.0,"39,273 ",{},0.0,Swaziland,"702,467",0.0,03:26:06.997000,1.0,18623.0,0.0,0.0,0.0,173.0,187.0
166,231,0,1.0,0,268.0,North America,San Marino,SE,2021-06-05,1032.0,17dee2f2-9e4d-49de-932c-9c0686399c91,0.0,0.0,0.0,8520.0,0.0,0.0,"5,768 ",{},14.0,Sweden,"994,452",24933.0,03:26:06.997000,356.0,1076993.0,35.0,53.0,846.0,10492.0,212.0
167,7,378,1.0,59,4.0,Europe,Sao Tome and Principe,CH,2021-06-05,0.0,b9b90b14-26ad-4c49-ad0e-d7b64c78dee5,0.0,0.0,0.0,491.0,0.0,0.0,"33,997 ",{},0.0,Switzerland,"1,945,613",87.0,03:26:06.997000,4.0,697292.0,0.0,0.0,19.0,18.0,168.0
168,95,"6,025",16.0,85,3642.0,Africa,Saudi Arabia,SY,2021-06-05,2.0,b35ad6fc-b0af-48d6-ae01-c7118fae9b8e,0.0,0.0,0.0,28.0,0.0,5.0,"222,907 ",{},67.0,Syria,"62,062",3320.0,03:26:06.997000,4462.0,24619.0,59.0,761.0,115585.0,128.0,184.0
169,78,"4,757",2.0,277,107.0,Asia,Senegal,TW,2021-06-05,0.1,ce012b35-b828-4a2a-9908-9c3aa286f27a,0.0,0.0,0.0,472.0,0.0,0.0,"35,313,591 ",{},1.0,Taiwan,"554,824",0.0,03:26:06.997000,280.0,10446.0,2.0,171.0,0.0,17.0,44.0
170,412,"14,991",33.0,14,3150.0,Africa,Serbia,TJ,2021-06-05,9.0,0ad036a6-6e79-4691-b18c-e2570be6a300,0.0,0.0,0.0,0.0,0.0,0.0,"17,149,209 ",{},146.0,Tajikistan,"30,588",2096.0,03:26:06.997000,3630.0,13308.0,80.0,400.0,18312.0,415.0,112.0
171,12,"1,262",2.0,798,11.0,Europe,Seychelles,TZ,2021-06-05,0.0,00ceca7c-3c71-4042-a131-89b0d61ac6d7,0.0,0.0,0.0,0.0,0.0,0.0,"8,704,761 ",{},0.0,Tanzania,"482,065",0.0,03:26:06.997000,11.0,509.0,0.0,0.0,0.0,112.0,36.0
172,8,"2,355",5.0,"12,466",10.0,Africa,Sierra Leone,TH,2021-06-05,0.0,92702d06-2c0b-4a72-8d47-6b66b06a589b,0.0,0.0,0.0,2630.0,0.0,0.0,"98,910 ",{},0.0,Thailand,"217,410",0.0,03:26:06.997000,10.0,171978.0,0.0,0.0,0.0,1.0,147.0
173,"1,950","102,864",53.0,115,1964.0,Africa,Singapore,TL,2021-06-05,1.0,b828d828-649d-4fb1-93f5-e03f88fd7d39,0.0,0.0,0.0,0.0,0.0,0.0,"8,126,273 ",{},31.0,Timor-leste,"18,859",12423.0,03:26:06.997000,2532.0,7422.0,8.0,560.0,72680.0,433.0,173.0
174,95,"178,571",0.0,92,36.0,Asia,Sint Maarten,TG,2021-06-05,210.0,3b21f0af-af11-4106-94f0-ef78c3d78110,0.0,0.0,0.0,0.0,0.0,0.0,"5,892,847 ",{},2.0,Togo,"2,027,507",3125.0,03:26:06.997000,50.0,13513.0,9.0,5.0,134.0,1166.0,106.0
175,18,"1,547",2.0,"1,754",717.0,North America,Slovakia,TT,2021-06-05,0.4,17808298-d843-47f9-9d25-6048dbe488ef,0.0,0.0,0.0,529.0,0.0,278.0,"43,325 ",{},5.0,Trinidad-and-tobago,"661,096",5023.0,03:26:06.997000,742.0,25801.0,2.0,23.0,27426.0,136.0,182.0
176,14,441,2.0,310,1002.0,Europe,Slovenia,TN,2021-06-05,25.0,7f9601cd-6ab3-417d-a78c-9fab32503a2f,0.0,0.0,0.0,1816.0,0.0,1348.0,"5,462,090 ",{},35.0,Tunisia,"522,512",16764.0,03:26:06.997000,1205.0,352303.0,53.0,150.0,34851.0,580.0,50.0
177,8,474,2.0,"1,839",21.0,Europe,Somalia,TR,2021-06-05,0.1,6f916c6e-e6b1-490e-81b5-fffe4c0119d0,0.0,0.0,0.0,6169.0,1.0,7617.0,"2,079,203 ",{},2.0,Turkey,"622,475",0.0,03:26:06.997000,25.0,5276468.0,2.0,2.0,0.0,2.0,70.0
178,"35,118",0,156.0,0,1738.0,Australia/Oceania,South Africa,UG,2021-06-05,0.4,a391e0dd-f0ac-4d51-9c66-2738042b2358,0.0,0.0,0.0,1247.0,0.0,1610.0,"702,365 ",{},7.0,Uganda,"6,407",1350.0,03:26:06.997000,2173.0,51006.0,25.0,410.0,80085.0,37.0,214.0
179,"1,109","21,142",122.0,432,4.0,Africa,South Sudan,UA,2021-06-05,0.0,1655e67b-266b-4c78-9265-efce53db0178,0.0,0.0,0.0,2707.0,0.0,9633.0,"16,300,289 ",{},0.0,Ukraine,"8,230",0.0,03:26:06.997000,4.0,2268209.0,0.0,0.0,0.0,0.4,139.0
180,36,"1,056",5.0,971,87231.0,Africa,Spain,AE,2021-06-05,368.0,d8cf12a4-95a7-46d0-ab47-c72130dcdcc5,0.0,0.0,0.0,2062.0,0.0,2035.0,"59,998,528 ",{},7371.0,United-arab-emirates,"196,677",12833.0,03:26:06.997000,166831.0,579009.0,17209.0,62391.0,600000.0,3568.0,19.0
181,"1,059","98,390",69.0,5,147.0,Africa,Sri Lanka,GB,2021-06-05,0.3,c7d9d25f-cb1c-44f1-9bde-af5c6d4e836b,0.0,0.0,0.0,5181.0,0.0,3.0,"11,314,826 ",{},1.0,United-kingdom,"14,536",211.0,03:26:06.997000,210.0,4515778.0,7.0,56.0,4525.0,10.0,155.0
182,13,583,1.0,"3,135",2.0,Europe,St. Barth,US,2021-06-05,0.0,ac501c79-d18e-4e5c-813b-5b027d9a2f31,0.0,0.0,0.0,19074.0,0.0,0.0,"46,771,540 ",{},0.0,United-states,"1,062,801",0.0,03:26:06.997000,6.0,33326437.0,0.0,4.0,0.0,607.0,11.0
183,108,"12,981",6.0,"1,550",11.0,Asia,St. Vincent Grenadines,UY,2021-06-05,0.0,b29c2293-b9ba-4912-b01c-17ed41df111c,0.0,0.0,0.0,4079.0,0.0,4043.0,"21,496,273 ",{},0.0,Uruguay,"161,613",505.0,03:26:06.997000,12.0,308490.0,0.0,1.0,56.0,108.0,78.0
184,10,"9,905",0.0,"54,720",15.0,North America,Sudan,UZ,2021-06-05,0.05,9697fb97-9ae7-4694-9170-3cb79c886151,0.0,0.0,0.0,201.0,0.0,188.0,"9,905 ",{},0.0,Uzbekistan,"2,663,806",0.0,03:26:06.997000,19.0,101198.0,2.0,2.0,0.0,0.4,194.0
185,54,"9,272",2.0,"1,869",5.0,North America,Suriname,VU,2021-06-05,2.0,fca4d8a7-d282-4e92-94dc-8a7548e72264,0.0,0.0,0.0,0.0,0.0,0.0,"111,266 ",{},0.0,Vanuatu,"445,257",0.0,03:26:06.997000,10.0,4.0,1.0,4.0,0.0,17.0,186.0
186,"1,256","16,826",192.0,81,9203.0,Africa,Sweden,VE,2021-06-05,89.0,765e41d1-6149-4e81-9c1d-054d375eda6a,0.0,0.0,0.0,0.0,0.0,0.0,"44,790,558 ",{},839.0,Venezuela,"5,201",5416.0,03:26:06.997000,10483.0,238013.0,899.0,381.0,54700.0,1038.0,115.0
187,37,"1,782",9.0,"5,777",11609.0,South America,Switzerland,VN,2021-06-05,128.0,605c1e2d-94ec-4175-b0d3-46e9bc9aae49,0.0,0.0,0.0,224.0,0.0,157.0,"591,486 ",{},386.0,Vietnam,"110,077",22393.0,03:26:06.997000,25415.0,8287.0,1106.0,12700.0,193800.0,2937.0,137.0
188,9,701,1.0,"7,493",18.0,Europe,Syria,YE,2021-06-05,0.1,7772945a-28b6-4300-8425-c88b68dfc2bf,0.0,0.0,0.0,6.0,0.0,27.0,"10,157,466 ",{},0.0,Yemen,"986,110",0.0,03:26:06.997000,25.0,6773.0,2.0,5.0,0.0,1.0,27.0
189,12,804,1.0,"3,428",273.0,Europe,Taiwan,ZM,2021-06-05,0.3,02b57a39-7274-4c25-bc4a-9aaa6138da5b,0.0,0.0,5.0,988.0,0.0,194.0,"8,713,100 ",{},0.0,Zambia,"895,135",1982.0,03:26:06.997000,393.0,98376.0,6.0,114.0,47215.0,17.0,37.0
190,727,"10,012",173.0,67,24.0,Asia,Tanzania,ZW,2021-06-05,0.05,78b31b09-387a-408d-8a1b-fc01891453a2,0.0,0.0,0.0,52.0,0.0,10.0,"17,891,408 ",{},0.0,Zimbabwe,"5,789",0.0,03:26:06.997000,32.0,39144.0,3.0,5.0,0.0,0.5,127.0
191,"2,284","127,576",23.0,383,1251.0,Asia,Thailand,0,0,0.6,0,0.0,0.0,28.0,0.0,2.0,0,"23,856,661 ",0,61.0,0,"44,009",1030.0,0,2579.0,0.0,40.0,1288.0,71860.0,37.0,156.0
192,731,"108,163",0.0,0,1.0,Asia,Timor-Leste,0,0,0.0,0,0.0,0.0,0.0,0.0,0.0,0,"9,734,659 ",0,0.0,0,0,0.0,0,2.0,0.0,0.0,1.0,0.0,2.0,144.0
193,"120,424","2,918,853",0.0,5,44.0,Africa,Togo,0,0,0.4,0,0.0,0.0,0.0,0.0,0.0,0,"61,295,906 ",0,0.0,0,0,306.0,0,76.0,0.0,3.0,29.0,2532.0,9.0,199.0
194,400,"57,677",9.0,707,89.0,Asia,Trinidad and Tobago,0,0,6.0,0,40.0,0.5,0.0,0.0,0.0,"+3,396","69,962,009 ",0,0.0,0,"116,133",805.0,0,113.0,0.0,8.0,16.0,1126.0,81.0,80.0
195,179,"78,916",15.0,"1,864",633.0,Asia,Tunisia,0,0,3.0,0,0.0,0.0,0.0,0.0,0.0,0,"1,341,565 ",0,85.0,0,"68,668",951.0,0,707.0,0.0,31.0,43.0,11238.0,60.0,160.0
196,625,"67,657",25.0,28,52312.0,Africa,Turkey,0,0,14.0,0,0.0,0.0,0.0,0.0,0.0,0,"8,457,111 ",0,1665.0,0,"40,025",4459.0,0,56956.0,0.0,1198.0,3446.0,376100.0,675.0,142.0
197, ,0,0.0,0,8.0,South America,Turks and Caicos,0,0,26.0,0,0.0,0.0,0.0,0.0,0.0,"+2,198",0,0,0.0,0,0,1601.0,0,9.0,0.0,1.0,0.0,62.0,232.0,218.0
198, ,0,0.0,0,3421.0,North America,UAE,0,0,2.0,0,0.0,0.0,0.0,0.0,0.0,"+1,821",0,0,1.0,0,0,65538.0,0,4123.0,0.0,22.0,680.0,648195.0,417.0,216.0
199, ,0,0.0,0,73323.0,Europe,UK,0,0,156.0,0,0.0,0.0,0.0,0.0,0.0,"+15,131",0,0,1559.0,0,0,5200.0,0,84279.0,0.0,10612.0,0.0,352974.0,1241.0,219.0
200, ,0,0.0,0,505684.0,Africa,USA,0,0,67.0,0,0.0,0.0,133.0,0.0,10.0,0,0,0,11766.0,0,0,8559.0,0,560433.0,0.0,22115.0,32634.0,2833112.0,1693.0,220.0
201, ,0,0.0,0,50.0,Australia/Oceania,Uganda,0,0,0.0,0,0.0,0.0,0.0,0.0,0.0,0,0,0,0.0,0,0,110.0,0,54.0,0.0,0.0,4.0,5025.0,1.0,221.0
202, ,0,0.0,0,2605.0,Asia,Ukraine,0,0,2.0,0,0.0,0.0,0.0,0.0,0.0,"+20,140",0,0,45.0,0,0,693.0,0,2777.0,0.0,83.0,89.0,30314.0,63.0,217.0
203,"
",0,0.0,0,241.0,All,Uruguay,0,0,2.0,0,0.0,0.0,0.0,0.0,1.0,"+39,290",0,0,15.0,0,0,2526.0,0,480.0,0.0,8.0,231.0,8774.0,138.0,223.0
204, ,0,0.0,0,826.0,0,Uzbekistan,0,0,0.1,0,0.0,0.0,31.0,0.0,0.0,0,0,0,8.0,0,0,2091.0,0,896.0,0.0,4.0,66.0,70000.0,27.0,222.0
205,54,"2,525",7.0,"7,159",6.0,North America,Vatican City,0,0,0.0,0,0.0,0.0,0.0,0.0,0.0,0,"1,403,680 ",0,0.0,0,"140,241",0.0,0,8.0,0.0,0.0,2.0,0.0,9988.0,124.0
206,34,925,8.0,"2,537",79.0,Africa,Venezuela,0,0,0.3,0,0.0,0.0,0.0,0.0,0.0,0,"11,932,777 ",0,6.0,0,"125,954",6377.0,0,181.0,0.0,9.0,93.0,181335.0,6.0,55.0
207,16,"1,775",2.0,950,118.0,Asia,Vietnam,0,0,0.0,0,0.0,0.0,0.0,0.0,0.0,0,"85,176,748 ",0,8.0,0,"646,121",1252.0,0,262.0,0.0,0.0,144.0,121821.0,3.0,5.0
208,16,"2,306",0.0,408,6.0,North America,Western Sahara,0,0,0.0,0,0.0,0.0,0.0,0.0,0.0,0,"39,200 ",0,0.0,0,"2,309,490",0.0,0,6.0,0.0,0.0,0.0,0.0,10.0,183.0
209,17,"5,914",0.0,"1,873",1.0,Asia,Yemen,0,0,0.0,0,0.0,0.0,0.0,0.0,0.0,0,"10,000,660 ",0,0.0,0,"5,123,403",0.0,0,1.0,0.0,0.0,0.0,0.0,0.03,41.0
210,15,534,0.0,"1,578",11.0,Europe,Zambia,0,0,0.1,0,0.0,0.0,0.0,0.0,0.0,0,"68,215,678 ",0,1.0,0,"2,736,075",67.0,0,43.0,0.0,2.0,30.0,1239.0,2.0,7.0
211,10,544,1.0,"16,601",11.0,North America,Zimbabwe,0,0,0.2,0,0.0,0.0,0.0,0.0,0.0,0,"332,796,717 ",0,0.0,0,"1,452,431",38.0,0,14.0,0.0,3.0,0.0,563.0,0.9,1.0
212,923,"125,844",42.0,61,"2,872",Africa,Uganda,0,0,8,0,0.0,0.0,0,0.0,0.0,0,"47,065,553 ",0,24,0,"24,056",0.0,0,"51,006",0.0,374 ,"47,760","1,132,193","1,084",109.0
213,20,850,4.0,"1,695","73,728",Europe,Ukraine,0,0,"1,176",0,44.0,2.0,"+1,897",0.0,86.0,"+8,330","43,490,201 ",0,177,0,"236,613",0.0,0,"2,213,580",0.0,"51,140 ","2,088,712","10,290,345","50,898",16.0
214,11,772,1.0,"10,387","36,198",South America,Uruguay,0,0,"1,296",0,0.0,0.0,0,0.0,0.0,0,"3,484,864 ",0,532,0,"674,592",0.0,0,"308,490",0.0,"4,516 ","267,776","2,350,862","88,523",61.0
215,334,"48,731",25.0,95,"3,223",Asia,Uzbekistan,0,0,21,0,7.0,0.03,+238,0.0,1.0,+440,"33,916,429 ",0,23,0,"40,627",0.0,0,"101,436",0.0,696 ,"97,517","1,377,915","2,991",93.0
216,30,0,0.0,0,0,Europe,Vatican City,0,0,0,0,0.0,0.0,0,0.0,0.0,0,803 ,0,0,0,0,0.0,0,27,0.0, ,27,0,"33,624",211.0
217,119,"10,512",8.0,585,"16,583",South America,Venezuela,0,0,95,0,0.0,0.0,0,0.0,0.0,0,"28,361,307 ",0,306,0,"118,437",0.0,0,"239,252",0.0,"2,698 ","219,971","3,359,014","8,436",73.0
218,"11,735","1,924,459",20.0,52,"5,071",Asia,Vietnam,0,0,0.5,0,0.8,0.0,+77,0.0,0.0,0,"98,147,396 ",0,0,0,"50,348",0.0,0,"8,364",0.0,51 ,"3,242","4,941,514",85,158.0
219,25,"1,579",1.0,0,0,Australia/Oceania,Wallis and Futuna,0,0,633,0,0.0,0.0,0,0.0,0.0,0,"11,056 ",0,0,0,"1,854,920",0.0,0,445,0.0,7 ,438,"20,508","40,250",200.0
220,"4,493","22,966",430.0,64,"1,937",Asia,Yemen,0,0,44,0,0.0,0.0,0,0.0,0.0,0,"30,430,178 ",0,23,0,"2,323",0.0,0,"6,773",0.0,"1,325 ","3,511","70,699",223,163.0
221,192,"14,539",12.0,242,"4,565",Africa,Zambia,0,0,69,0,0.0,0.0,0,0.0,0.0,0,"18,856,599 ",0,156,0,"84,686",0.0,0,"98,376",0.0,"1,297 ","92,514","1,596,883","5,217",95.0
222,385,"9,385",31.0,56,849,Africa,Zimbabwe,0,0,107,0,0.0,0.0,0,0.0,0.0,0,"15,062,406 ",0,1,0,"32,041",0.0,0,"39,144",0.0,"1,605 ","36,690","482,620","2,599",114.0
